dataset,label,n,test_used,test_group,gap,abs_gap,norm_gap,raw_p,bh_p,bh_sig,sig_before
california_housing,HouseAge=Q4(37–52) & ocean_proximity=NEAR OCEAN,230,bootstrap_ci,bootstrap_ci,0.0645188980624371,0.0645188980624371,0.1969786656003879,0.038,0.9119999999999999,False,True
california_housing,HouseAge=Q3(29–37) & ocean_proximity=NEAR BAY,262,bootstrap_ci,bootstrap_ci,-0.04963200281044716,0.04963200281044716,0.15152840451824812,0.04,0.96,False,True
california_housing,HouseAge=Q3(29–37) & ocean_proximity=<1H OCEAN,249,bootstrap_ci,bootstrap_ci,-0.04758955761592876,0.04758955761592876,0.1452927411535573,0.028,0.672,False,True
california_housing,HouseAge=Q3(29–37) & ocean_proximity=INLAND,266,bootstrap_ci,bootstrap_ci,-0.044535142143512785,0.044535142143512785,0.13596749379171558,0.056,1.0,False,False
california_housing,HouseAge=Q3(29–37),1025,bootstrap_ci,bootstrap_ci,-0.03964752719100961,0.03964752719100961,0.12104541824137238,0.002,0.048,True,True
california_housing,HouseAge=Q1(0.999–18) & ocean_proximity=INLAND,258,bootstrap_ci,bootstrap_ci,0.03676429859496122,0.03676429859496122,0.11224281096620034,0.142,1.0,False,False
california_housing,HouseAge=Q4(37–52),1005,bootstrap_ci,bootstrap_ci,0.018682622087961398,0.018682622087961398,0.05703876041468709,0.146,1.0,False,False
california_housing,ocean_proximity=NEAR OCEAN,1005,bootstrap_ci,bootstrap_ci,0.017726956217314516,0.017726956217314516,0.05412107592823346,0.174,1.0,False,False
california_housing,HouseAge=Q1(0.999–18) & ocean_proximity=NEAR OCEAN,263,bootstrap_ci,bootstrap_ci,0.01623480150267459,0.01623480150267459,0.04956547046400713,0.46,1.0,False,False
california_housing,HouseAge=Q3(29–37) & ocean_proximity=NEAR OCEAN,248,bootstrap_ci,bootstrap_ci,-0.015882995878657324,0.015882995878657324,0.04849139442658674,0.524,1.0,False,False
california_housing,ocean_proximity=<1H OCEAN,1044,bootstrap_ci,bootstrap_ci,-0.01479785064321032,0.01479785064321032,0.04517840448286333,0.166,1.0,False,False
california_housing,HouseAge=Q2(18–29) & ocean_proximity=INLAND,257,bootstrap_ci,bootstrap_ci,0.014587961501787206,0.014587961501787206,0.04453760489943699,0.552,1.0,False,False
california_housing,HouseAge=Q1(0.999–18),1049,bootstrap_ci,bootstrap_ci,0.013045048032594597,0.013045048032594597,0.03982703101449075,0.27,1.0,False,False
california_housing,HouseAge=Q2(18–29) & ocean_proximity=NEAR BAY,273,bootstrap_ci,bootstrap_ci,0.012519902236668434,0.012519902236668434,0.038223740796683794,0.634,1.0,False,False
california_housing,HouseAge=Q4(37–52) & ocean_proximity=NEAR BAY,236,bootstrap_ci,bootstrap_ci,0.010154026032223096,0.010154026032223096,0.031000630177584827,0.718,1.0,False,False
california_housing,HouseAge=Q2(18–29) & ocean_proximity=NEAR OCEAN,264,bootstrap_ci,bootstrap_ci,0.01002073722251573,0.01002073722251573,0.03059369433918577,0.68,1.0,False,False
california_housing,HouseAge=Q4(37–52) & ocean_proximity=INLAND,271,bootstrap_ci,bootstrap_ci,0.009594922684608986,0.009594922684608986,0.02929366625456247,0.75,1.0,False,False
california_housing,HouseAge=Q2(18–29),1049,bootstrap_ci,bootstrap_ci,0.0077964011307835035,0.0077964011307835035,0.023802711102426415,0.508,1.0,False,False
california_housing,HouseAge=Q2(18–29) & ocean_proximity=<1H OCEAN,255,bootstrap_ci,bootstrap_ci,-0.006408193165184484,0.006408193165184484,0.019564459042155643,0.814,1.0,False,False
california_housing,ocean_proximity=NEAR BAY,1027,bootstrap_ci,bootstrap_ci,-0.0061877373979585815,0.0061877373979585815,0.01889139914565766,0.588,1.0,False,False
california_housing,HouseAge=Q4(37–52) & ocean_proximity=<1H OCEAN,268,bootstrap_ci,bootstrap_ci,-0.003954796817511208,0.003954796817511208,0.012074146075466818,0.842,1.0,False,False
california_housing,ocean_proximity=INLAND,1052,bootstrap_ci,bootstrap_ci,0.0037910374342338127,0.0037910374342338127,0.011574182409529628,0.674,1.0,False,False
california_housing,HouseAge=Q1(0.999–18) & ocean_proximity=<1H OCEAN,272,bootstrap_ci,bootstrap_ci,-0.003327872871067228,0.003327872871067228,0.010160123268010338,0.914,1.0,False,False
california_housing,HouseAge=Q1(0.999–18) & ocean_proximity=NEAR BAY,256,bootstrap_ci,bootstrap_ci,0.0032597459938225604,0.0032597459938225604,0.009952129303851347,0.94,1.0,False,False
breast_cancer,mean texture=Q3(19.3–22.4),35,proportion_z,classification,-0.09206703910614522,0.09206703910614522,0.09471264367816089,0.0380322415997385,0.41835465759712354,False,True
breast_cancer,mean radius=Q3(13.5–15.9),35,proportion_z,classification,-0.07733019700088206,0.07733019700088206,0.07955232909860856,0.0019332520773698292,0.02126577285106812,True,True
breast_cancer,mean texture=Q2(16.2–19.3),36,proportion_z,classification,0.027932960893854775,0.027932960893854775,0.028735632183908073,0.3091081171471304,1.0,False,False
breast_cancer,mean radius=Q1(6.98–11.6),36,proportion_z,classification,0.027932960893854775,0.027932960893854775,0.028735632183908073,0.3091081171471304,1.0,False,False
breast_cancer,mean radius=Q2(11.6–13.5) & mean texture=Q2(16.2–19.3),15,fisher_exact,classification,0.027932960893854775,0.027932960893854775,0.028735632183908073,1.0,1.0,False,False
breast_cancer,mean radius=Q2(11.6–13.5) & mean texture=Q1(10.4–16.2),11,fisher_exact,classification,0.027932960893854775,0.027932960893854775,0.028735632183908073,1.0,1.0,False,False
breast_cancer,mean radius=Q3(13.5–15.9) & mean texture=Q2(16.2–19.3),11,fisher_exact,classification,0.027932960893854775,0.027932960893854775,0.028735632183908073,1.0,1.0,False,False
breast_cancer,mean radius=Q1(6.98–11.6) & mean texture=Q1(10.4–16.2),14,fisher_exact,classification,0.027932960893854775,0.027932960893854775,0.028735632183908073,1.0,1.0,False,False
breast_cancer,mean radius=Q2(11.6–13.5),36,proportion_z,classification,0.013440207270666416,0.013440207270666416,0.013826420123271772,0.9954915539847928,1.0,False,False
breast_cancer,mean texture=Q1(10.4–16.2),36,proportion_z,classification,0.012059945020838847,0.012059945020838847,0.012406495165115826,0.9954915539847928,1.0,False,False
breast_cancer,mean texture=Q4(22.4–31.1),36,proportion_z,classification,-0.006549797726834838,0.006549797726834838,0.0067380103051921615,0.9954915539847928,1.0,False,False
adult_income,race=Other,80,proportion_z,classification,0.12179380873410728,0.12179380873410728,0.15163454920853411,0.006143870869231849,0.09830193390770958,False,True
adult_income,sex=Male & race=Other,54,proportion_z,classification,0.10420121614151467,0.10420121614151467,0.1297315898141776,0.054107615786316066,0.865721852581057,False,False
adult_income,sex=Female & race=Black,405,proportion_z,classification,0.07827529021558877,0.07827529021558877,0.0974535443909154,7.427204047694147e-05,0.0011883526476310635,True,True
adult_income,sex=Female & race=Amer-Indian-Eskimo,41,proportion_z,classification,0.07484258922191211,0.07484258922191211,0.09317979621640675,0.22805930377897976,1.0,False,False
adult_income,race=Black,833,proportion_z,classification,0.062340027221502226,0.062340027221502226,0.07761397745608914,6.024195699616541e-06,9.638713119386466e-05,True,True
adult_income,sex=Male & race=Asian-Pac-Islander,159,proportion_z,classification,-0.05477851830991798,0.05477851830991798,0.06819982080016629,0.08232379838049919,1.0,False,False
adult_income,sex=Female,2923,proportion_z,classification,0.05105313134786027,0.05105313134786027,0.0635616755734888,3.851585717029593e-12,6.162537147247349e-11,True,True
adult_income,race=Amer-Indian-Eskimo,95,proportion_z,classification,0.04942538768147564,0.04942538768147564,0.06153511790487917,0.22562986740127222,1.0,False,False
adult_income,sex=Male & race=Black,428,proportion_z,classification,0.047261098453733386,0.047261098453733386,0.05884055547336799,0.013921933401587205,0.22275093442539529,False,True
adult_income,sex=Female & race=White,2372,proportion_z,classification,0.04628790654186443,0.04628790654186443,0.05762892149637492,1.4255197244850137e-08,2.280831559176022e-07,True,True
adult_income,race=Asian-Pac-Islander,238,proportion_z,classification,-0.03429862824068264,0.03429862824068264,0.042702146240464485,0.18322134730662598,1.0,False,False
adult_income,sex=Male & race=White,5427,proportion_z,classification,-0.03095632946379212,0.03095632946379212,0.03854094975911903,9.693118974141157e-09,1.5508990358625852e-07,True,True
adult_income,sex=Male & race=Amer-Indian-Eskimo,54,proportion_z,classification,0.030127142067440604,0.030127142067440604,0.03750860289057127,0.5776322386739703,1.0,False,False
adult_income,sex=Male,6122,proportion_z,classification,-0.02437574369973794,0.02437574369973794,0.030348052548400502,1.6092134267342573e-06,2.5747414827748116e-05,True,True
adult_income,race=White,7799,proportion_z,classification,-0.007463147285895366,0.007463147285895366,0.009291695416507031,0.09736547313838906,1.0,False,False
adult_income,sex=Female & race=Asian-Pac-Islander,79,proportion_z,classification,0.006920391012588234,0.006920391012588234,0.00861595825311226,0.8770481054336721,1.0,False,False
diabetes,age_group=Young & bmi_group=Low,17,bootstrap_ci,bootstrap_ci,-12.224669966400938,12.224669966400938,0.2649538931942645,0.056,0.392,False,False
diabetes,bmi_group=Low,38,bootstrap_ci,bootstrap_ci,-7.595986194928564,7.595986194928564,0.16463316560101254,0.086,0.602,False,False
diabetes,bmi_group=Med,23,bootstrap_ci,bootstrap_ci,6.015318421378346,6.015318421378346,0.1303742382352916,0.33,1.0,False,False
diabetes,bmi_group=High,28,bootstrap_ci,bootstrap_ci,5.36768398984227,5.36768398984227,0.11633760047952757,0.372,1.0,False,False
diabetes,age_group=Old,28,bootstrap_ci,bootstrap_ci,0.8181856040278319,0.8181856040278319,0.017733113592308905,0.854,1.0,False,False
diabetes,age_group=Young,40,bootstrap_ci,bootstrap_ci,-0.514382600981385,0.514382600981385,0.011148576861051591,0.874,1.0,False,False
diabetes,age_group=Middle,21,bootstrap_ci,bootstrap_ci,-0.11113775588208341,0.11113775588208341,0.0024087669591706016,0.974,1.0,False,False
